filename,can,foam,plastic,plastic bottle,unknow
IMG_20220919_164055_3_jpg.rf.befca643fb6a5594d49978711c0c8264.jpg,0,1,0,1,1
IMG_0040_JPG.rf.6cf26015dfe5741083c33357ec169a8e.jpg,0,0,1,0,1
IMG_0232_JPG.rf.45754e0bff355598a8ef1b14b3f84def.jpg,0,0,1,0,1
IMG_20220919_164027_4_jpg.rf.e78d00483a9675f60a82feb8a08d6825.jpg,1,1,1,1,0
IMG_20220919_164055_1_jpg.rf.b0236bf09fa3060631622b589ccfea76.jpg,0,1,1,0,1
IMG_0051_JPG.rf.5af9a2f6e99c66d5cfce88a9b9ca0cb0.jpg,0,0,1,0,1
IMG_0215_JPG.rf.83b000be60e818276f159cea1d051646.jpg,0,1,1,0,1
IMG_20220920_165928_1_jpg.rf.c865b7b629a1a063f2a9b3d8688640b1.jpg,1,1,1,0,1
IMG_0223_JPG.rf.bfa9e4ef7ba6659d91c8db8efe956e75.jpg,0,0,1,0,0
IMG_20220919_164615_jpg.rf.5dffb909dd9e73a498c03c1bbdb28b7e.jpg,1,1,1,1,1
IMG_20220919_164007_jpg.rf.18fce4ba691b244bcc41f608da3dac76.jpg,1,1,1,1,1
IMG_0070_JPG.rf.9270ce187307a1b30f63af805185cb33.jpg,0,0,1,0,1
IMG_20220919_163603_jpg.rf.8ae1361f26bd0bcea6bbb047192db9cc.jpg,1,1,1,1,1
IMG_0241_JPG.rf.abb1f4ed2501165f8975a98ac09fcb29.jpg,0,1,1,0,1
IMG_0074_JPG.rf.e575228526db03250618c34a3ac3517e.jpg,0,0,1,0,1
IMG_0242_JPG.rf.d6ed4c0c0fdfdb42030c450977f767c5.jpg,0,0,1,0,1
IMG_20220920_165847_jpg.rf.8b4cbbf9966395347b1db792bcf0fd97.jpg,1,1,1,0,1
IMG_0152_JPG.rf.a911e34b2af1f4bbfa94f4b46b955b03.jpg,0,1,1,1,1
IMG_0224_JPG.rf.08a2054df940c36255d1c8a99eec3c56.jpg,0,0,1,0,1
IMG_0100_JPG.rf.2f82c0d071b76866e1894c34b394661b.jpg,0,0,0,0,1
IMG_20220919_164123_2_jpg.rf.6e80e8ccf563e207f191e078cba2748d.jpg,1,1,1,1,1
IMG_0177_JPG.rf.9fa6c34e3abd2c450e459003d56cc47d.jpg,0,1,1,1,0
IMG_0112_JPG.rf.8dc662b858c3fd8a54ce03c30f07dc32.jpg,0,1,1,0,1
IMG_0143_JPG.rf.49829a359d75d231548bc89225a04933.jpg,0,1,1,0,1
IMG_0137_JPG.rf.095031e379088f85f260a258fdcab03c.jpg,0,0,1,0,1
IMG_0080_JPG.rf.c821e15530cf69e86d4248fc7e28043d.jpg,0,1,1,0,1
IMG_20220920_165853_2_jpg.rf.8610fcd7c2ffbc4a1d3b98c81dd27466.jpg,1,1,1,0,1
marine-debris-103-_jpg.rf.b4c49dc3ef093a6cae5d5f614070909f.jpg,1,1,1,1,1
IMG_20220919_163211_jpg.rf.5f8d0475627cd0d645e90ed05388c956.jpg,1,1,0,1,0
IMG_20220920_165833_jpg.rf.1284c510b25fbad789dee5ee140cb399.jpg,1,1,0,0,1
IMG_0099_JPG.rf.0f1de4a3e2ee604cb24581f2cc40d929.jpg,0,0,1,0,1
IMG_0270_JPG.rf.84810999ff3210191007dccb468d3e98.jpg,0,1,1,1,1
IMG_0098_JPG.rf.d1dd40856ecc6a42a42ce677235fb24a.jpg,0,0,1,0,0
IMG_0261_JPG.rf.0ff8948ac8a4660fba8aec720e3ceee4.jpg,0,0,1,0,1
IMG_0246_JPG.rf.15e892575555afd3fb47fc153e7a039a.jpg,0,1,1,0,1
marine-debris-112-_jpg.rf.5731386450034f4df1fd0a4a511a2627.jpg,1,0,0,0,1
IMG_0192_JPG.rf.84576a3c4db33202258e4816373bea9f.jpg,0,0,1,0,1
marine-debris-105-_jpg.rf.33ed068b7a7977fe4ff59a15c16c2089.jpg,1,0,0,1,0
IMG_0049_JPG.rf.947346b423e95408dde03c450f8739a2.jpg,0,0,1,0,1
IMG_20220920_170402_jpg.rf.71f3c85e7c831830688a498b731814e1.jpg,1,1,1,0,1
IMG_20220919_163558_1_jpg.rf.f2cd9fa0c8d07bde0f730a46731cad54.jpg,1,1,1,1,1
IMG_0229_JPG.rf.20fca57c8f6a188943ba51524c4eca80.jpg,0,0,1,0,1
IMG_0059_JPG.rf.83a83265fc8e77eeed3b55563a589054.jpg,0,0,1,0,0
marine-debris-118-_jpg.rf.baffe6efe09aeda324427386d31c35a1.jpg,1,1,1,0,1
marine-debris-100-_jpg.rf.8ab0d672c2fd1465b6e1d38fa78e0eb1.jpg,0,1,0,1,1
IMG_20220920_170243_3_jpg.rf.f732fa578c79f8efb3b66878c9e36331.jpg,1,1,1,0,1
IMG_0109_JPG.rf.a315e5307c88bf6c471380acfe4dd9a6.jpg,0,0,1,0,1
IMG_20220920_165836_jpg.rf.32a033018ac58367d51c37610c65d6ad.jpg,1,1,1,0,1
IMG_20220920_165922_jpg.rf.1ce19f70f6f94b8bca70f654e79a5476.jpg,1,1,1,0,1
IMG_0245_JPG.rf.ee33efb051750cb4b700d88a0d167351.jpg,0,1,1,0,1
IMG_0079_JPG.rf.60d8bbc33350a71aa3fdbe410e5a2113.jpg,0,0,1,0,1
IMG_0230_JPG.rf.54f60abeb69c575ed18979fe7a6a04de.jpg,0,0,1,0,1
IMG_20220920_170247_4_jpg.rf.d938c95e14516d7712ec1fe1ad85b8f0.jpg,1,1,1,0,1
IMG_0117_JPG.rf.d7f0a98031488c7d50db6251e287d3ee.jpg,1,0,1,0,1
IMG_20220919_164418_jpg.rf.a02980d3cdb785dd31ca16dda6bbcd61.jpg,1,1,1,1,1
IMG_20220920_170226_5_jpg.rf.bfe6c70da23526aed5214458df3a60a4.jpg,1,1,1,0,1
IMG_0086_JPG.rf.ca83e90cae6e15aec79f1e4782ef54dc.jpg,0,0,1,0,1
IMG_20220919_164219_4_jpg.rf.757e332e94dc1ec92c9f164ed1ff4a9c.jpg,1,1,1,1,1
IMG_20220920_170012_jpg.rf.f9e31c5259aff889d2a7b0e671e8c652.jpg,1,1,1,0,1
IMG_20220919_164437_jpg.rf.9482388de01e13395b2cfe403c86cfb5.jpg,0,1,1,0,1
IMG_0244_JPG.rf.415dc0881169bb93a060ce7ad26e5d8b.jpg,0,1,1,0,0
marine-debris-147-_jpg.rf.d40aeeccee381d34694ca79aa36e8d67.jpg,0,1,1,0,0
IMG_20220919_163948_jpg.rf.f7633b97ce423e076cdcc507f0184a32.jpg,1,1,1,1,0
IMG_0116_JPG.rf.8b2388eaabadee08827bc77637fc1c88.jpg,0,0,1,0,1
IMG_0127_JPG.rf.998a54b27f13013838719cdd8cb51835.jpg,0,1,1,0,1
marine-debris-132-_jpg.rf.aec630fbd281a603fb2ec8376c8473f8.jpg,1,0,1,1,1
IMG_20220919_163026_jpg.rf.448672afc507dce58ebd93d4ccd538de.jpg,0,1,0,1,0
IMG_20220919_164220_3_jpg.rf.cd734c2c3b2740a0fbe79c76f3f3611c.jpg,1,1,1,1,1
IMG_20220919_163536_jpg.rf.a046aac7427e374d81dc6d26cd78e847.jpg,1,1,1,1,1
IMG_0129_JPG.rf.b62402a64afee61e9d8d74473bba02bc.jpg,0,1,1,0,1
IMG_0165_JPG.rf.d3d2837b1a5f2bd6b38abe6a364e6875.jpg,0,0,1,1,1
IMG_20220919_164558_jpg.rf.9119217cf09583c014b252369a96a4ad.jpg,1,1,1,1,1
IMG_0123_JPG.rf.a6e990b9a6ae7fbc7b116e651cf3ab45.jpg,0,1,1,0,1
marine-debris-156-_jpg.rf.2ff4c04a61bdcbae07c80da4db8f28fa.jpg,1,1,1,0,0
IMG_20220920_165927_jpg.rf.01e381a59d34c3de8140770955dfb5d0.jpg,1,1,1,0,1
IMG_0159_JPG.rf.45d746b52cad2962a065b32c7e820cb4.jpg,0,1,1,1,1
marine-debris-155-_jpg.rf.84fdc7952df832003cd8f7b6d5cd058a.jpg,1,1,1,0,0
IMG_20220919_164218_jpg.rf.0364dc3302918f1d3119927562a45d94.jpg,0,1,1,1,1
IMG_20220920_170043_1_jpg.rf.29925b257ddd5ced0efe7d3ee934a647.jpg,1,1,1,0,1
IMG_20220919_164619_jpg.rf.79dadfe9ac54c6759bff8c1a5db35f8b.jpg,1,0,1,1,1
IMG_20220919_163923_jpg.rf.4a1ad5c03836feb8ed1db09e94a633d4.jpg,0,1,0,1,1
IMG_0108_JPG.rf.933fac1048adeeb765e374f590f89ab0.jpg,0,0,1,0,0
IMG_20220920_170355_2_jpg.rf.2aa4bd2a9692362e957e2225608fc28a.jpg,1,1,1,0,1
marine-debris-146-_jpg.rf.d53c32c7618a49f667b830500f7a37c6.jpg,0,1,1,0,0
IMG_0084_JPG.rf.f4488f1576687dd7e27aef666a9e385f.jpg,0,0,1,0,1
IMG_20220920_170222_3_jpg.rf.6bd6b00bc057e74d7945d822cdda626e.jpg,1,1,1,0,1
marine-debris-137-_jpg.rf.1adb580d6787dfd966f98595e6ccb4a3.jpg,0,0,1,1,1
IMG_20220920_170226_3_jpg.rf.272f64e799a528517d046866f88f1e59.jpg,1,1,1,0,1
marine-debris-111-_jpg.rf.1b7e69841bc752cea34549108f634d15.jpg,1,0,0,0,1
IMG_0066_JPG.rf.064c1376a19e252008bb08032a150a7c.jpg,1,0,1,0,1
IMG_20220920_170227_1_jpg.rf.2189828e9cc9c178f60f88263a17bb51.jpg,1,1,1,0,1
IMG_20220919_164637_jpg.rf.2ffb14833281152bc6eee1af047d1ea7.jpg,0,1,1,1,1
IMG_0149_JPG.rf.25dd13897420c11df609d364adf79971.jpg,0,0,1,0,1
IMG_0169_JPG.rf.bd2658f81652374a63a2c8d594003607.jpg,0,1,1,0,1
IMG_20220919_164004_jpg.rf.1983ce66c24f0f06076287c56c96020a.jpg,1,1,1,1,1
marine-debris-148-_jpg.rf.b0ae93269a50f82163b1d30e2eae3165.jpg,1,0,0,0,1
marine-debris-126-_jpg.rf.438aff4ef72498a83224f8bf15ee5487.jpg,1,1,1,0,1
IMG_20220920_170318_2_jpg.rf.4f05a85ad72cd580f595b03fc8753269.jpg,1,1,0,0,1
IMG_20220919_164227_5_jpg.rf.9bc0d834f31fe2a12a19945db6435fc9.jpg,1,1,1,1,1
IMG_0234_JPG.rf.9f9e6a3503f4cd5f684778d114e8bc87.jpg,0,1,1,0,0
IMG_20220919_164614_1_jpg.rf.b349a6d964f02f68712dd4ef535fa028.jpg,1,1,1,1,1
IMG_20220920_170339_jpg.rf.1915c4f07bdcde897062c32a53172b66.jpg,1,1,1,0,1
IMG_0231_JPG.rf.7752b3b41ecf8a7ecfb669052c0020a4.jpg,0,0,1,0,0
IMG_20220919_164228_7_jpg.rf.266b1d07a804735525e0a109186b454b.jpg,1,1,1,1,1
IMG_20220920_170136_jpg.rf.0ea3d7af8436291dd6998641747f7f17.jpg,1,1,1,0,1
IMG_20220920_170355_4_jpg.rf.3db4c540beddd8e9e8efb98e210c6dfb.jpg,1,1,1,0,1
IMG_20220919_164503_jpg.rf.4efe33a55a633564de56a7adcaa257a1.jpg,0,1,1,0,1
IMG_20220919_163540_jpg.rf.eca594a7b35099bea8e5f9147cef4cb2.jpg,1,1,1,1,1
marine-debris-150-_jpg.rf.5e3b4ad7cf8c54269eb0cd6dcb241071.jpg,0,1,1,0,0
IMG_0140_JPG.rf.42cabbc36fa12b2af51c0a376acea66d.jpg,0,0,1,0,1
IMG_20220919_163207_jpg.rf.f6c9f2bdabb5085e53955b8376360469.jpg,1,1,0,1,0
IMG_0041_JPG.rf.17a3114c3d58577a412fad8574d1b206.jpg,0,0,1,0,1
IMG_0092_JPG.rf.9d9b950557b0d960fb884aba3c343604.jpg,0,0,1,0,1
IMG_20220920_170339_2_jpg.rf.cbae98728234dfdeecc38a858c6e05ac.jpg,1,1,1,0,1
IMG_0090_JPG.rf.43e5153901c927e14328224706b9c500.jpg,0,1,1,1,1
IMG_20220919_164429_jpg.rf.606c6270b32d0efed7f0608c0f36bdc0.jpg,0,1,1,0,1
marine-debris-106-_jpg.rf.19ffa22000960ddb7f50f4d427c78406.jpg,1,0,0,1,0
IMG_0139_JPG.rf.bc42b8d9977910cc414533d4541c8d6b.jpg,0,0,1,0,1
IMG_20220920_170013_2_jpg.rf.3ffb64220b7776bc81891316660f392c.jpg,1,1,1,0,1
IMG_0063_JPG.rf.69f8140944110ff7caed08a76c3922a8.jpg,0,0,1,0,1
IMG_20220919_163541_jpg.rf.7f1564efa8575e69709ffdd8314aa050.jpg,1,1,1,1,1
IMG_0111_JPG.rf.e866c0ae476afba2f9f12f97a28eca05.jpg,0,1,1,0,1
IMG_20220919_164219_jpg.rf.4c65ae7ca7cd77ea2e64b24f0ebcc382.jpg,1,1,1,1,1
IMG_20220920_170230_5_jpg.rf.f0076385394470e683a6ab90e5820650.jpg,1,1,1,0,1
IMG_0132_JPG.rf.c1221016e1b6e405c22fa5351d03937f.jpg,0,1,1,0,1
IMG_20220920_165916_2_jpg.rf.3bd1266f331d13847ca39682f86b9ad4.jpg,1,1,1,0,1
IMG_20220920_170037_2_jpg.rf.e15a665687eca20854c2910616a10b14.jpg,1,1,1,0,1
marine-debris-1-_jpg.rf.4689a8f47d33853cd3fd40322360201f.jpg,0,0,1,1,1
IMG_20220920_170223_2_jpg.rf.6d2eb01898f7b9dfe2cc65fd6ec611df.jpg,1,1,1,0,1
IMG_20220920_170245_1_jpg.rf.c3c05d674f419a3f1384f427f8ced2ae.jpg,1,1,1,0,1
IMG_0101_JPG.rf.9414be9b2d75f9b0c8d2fe74acd5eee7.jpg,0,0,1,0,1
IMG_20220919_164226_jpg.rf.5c12169d04c7ca36dbbb0cdd685a68c3.jpg,1,1,1,1,1
IMG_20220919_163537_jpg.rf.57aa3c128b7a26a4b5ed6be8ca451b17.jpg,1,1,1,1,1
IMG_0213_JPG.rf.2a9d0cad0aba48070388782f15979d4e.jpg,0,0,1,0,1
IMG_0249_JPG.rf.fdff5a963ab7feb09be6112b6bea199a.jpg,0,1,1,1,1
IMG_0069_JPG.rf.45e891fda7ac6544ba21cb9cd83fe086.jpg,0,0,1,0,1
IMG_0120_JPG.rf.5ef41433bbb6a29b20f9861ade20cddb.jpg,0,0,1,0,1
IMG_20220920_165855_2_jpg.rf.276b85b59d91e25f9627c4b46ed5c5ad.jpg,1,1,1,0,1
IMG_0257_JPG.rf.07737b74025d00090852bf47542cce93.jpg,0,0,1,0,0
IMG_0168_JPG.rf.3d865d2619f19ce3f08b56fd50740d26.jpg,0,0,1,1,1
IMG_20220920_170401_3_jpg.rf.b771d6257b743d73694c2d22dd78f5cf.jpg,1,1,1,0,1
IMG_0256_JPG.rf.e541dc831c8ed1d99fc9776cc79f57a1.jpg,0,0,1,0,1
IMG_20220919_164017_jpg.rf.df09fa2764cddbd15ee17fed2ae432dc.jpg,1,1,1,1,1
IMG_0167_JPG.rf.a9799d9912ef2233cc60145fffbc99bf.jpg,0,0,1,1,1
IMG_0181_JPG.rf.eb5e914a0cd3f505ff93d315c55fc911.jpg,0,1,0,0,0
IMG_0258_JPG.rf.9f55faa2fbf3b5ca70ac6a6ab1d037c7.jpg,0,0,1,0,0
IMG_0253_JPG.rf.65a193dab219782a2475407c444b2790.jpg,0,0,1,0,0
IMG_0102_JPG.rf.121b23fa0ea6c5e1806a511f54d8ac95.jpg,0,0,1,0,1
IMG_0093_JPG.rf.4bb70e70d0448dc25cdb52be0eb519fb.jpg,0,0,1,0,1
marine-debris-109-_jpg.rf.f8ee99523572cb5cd6fedcbcb20e417d.jpg,1,0,0,0,0
marine-debris-151-_jpg.rf.7766634e18e6912d0b17cd36f4f46c1c.jpg,0,1,1,0,0
IMG_20220919_163538_jpg.rf.47b98854b427631f50e991049799f9bf.jpg,1,1,1,1,1
marine-debris-157-_jpg.rf.b49807c695d6af7fc2a92468f8e17f91.jpg,1,1,1,0,0
IMG_20220920_170316_2_jpg.rf.fe77f664b9b56acd3473683906c3a2fd.jpg,1,1,1,0,1
marine-debris-128-_jpg.rf.421b29a61650fdc0b45b41df9224b91e.jpg,1,1,1,0,1
IMG_0214_JPG.rf.74b50c4ff1dce0e0e59b6f398ac22c2c.jpg,0,0,1,0,1
IMG_20220920_165835_jpg.rf.64b36d952a9f6a932034187c6458ec81.jpg,1,1,1,0,1
IMG_20220919_164821_1_jpg.rf.40dabbaf325345337f6a0dc484d4e639.jpg,0,0,1,1,1
IMG_0207_JPG.rf.e3c2bc05588c3e5dcdfa03743b97731e.jpg,0,1,1,0,1
IMG_0156_JPG.rf.1342200d634e2176d7766f433986d981.jpg,0,1,1,1,1
IMG_0039_JPG.rf.5b5fb53a27ace3dc9aa49d0290eabd03.jpg,0,1,1,1,1
IMG_0128_JPG.rf.1044c57c73bc970425777bca3ef2fbb2.jpg,0,1,1,0,1
IMG_0113_JPG.rf.55aff2d8379d1feb7ca9674892d1283d.jpg,0,0,1,0,1
IMG_0237_JPG.rf.0c22d8c8f5faf252ef6bfb546b936645.jpg,0,0,1,0,1
marine-debris-127-_jpg.rf.53cd6e3ae8f21126ebb315bc49747ae0.jpg,1,1,1,0,1
IMG_0163_JPG.rf.ad33b5e39452c1c6b876cc53d3e49b2f.jpg,0,1,1,0,1
IMG_0131_JPG.rf.2171ee53eedb0f2e514533d2ad7ee8d7.jpg,0,0,1,0,1
IMG_20220920_170112_6_jpg.rf.cfda28466fdea076a4eb4e936f49063e.jpg,1,1,1,0,1
IMG_20220919_164053_jpg.rf.6077bdb07348231083d9dbbe687e8546.jpg,0,1,0,0,1
IMG_0110_JPG.rf.839dc54d153108891b09aa44b999177c.jpg,0,0,0,0,1
IMG_0151_JPG.rf.56f31675045ca9e23dee21197ac89c02.jpg,0,0,1,0,1
IMG_0218_JPG.rf.938eaacdc182e26a1d65b9bc756d8120.jpg,0,0,1,0,0
IMG_0262_JPG.rf.4ac0e554e8fa4820f24b57232ff64461.jpg,0,0,1,0,1
IMG_0106_JPG.rf.6691b700b87aedcfee99f46e8953f757.jpg,0,1,0,0,1
IMG_20220920_170013_jpg.rf.eafd72c22d12b6205ae8b3519d31d158.jpg,1,1,1,0,1
IMG_0238_JPG.rf.80e88461e6f198751d7fd41e64b53089.jpg,0,0,1,0,1
IMG_0239_JPG.rf.04c44e8b83da079d1163d435ed1668be.jpg,0,1,0,0,1
IMG_20220919_164125_jpg.rf.e6bfb9b9c93bab2bb3703ac5bd681987.jpg,1,1,1,1,1
IMG_0250_JPG.rf.2fe867a16db37b8d0a4d5a74c5529b86.jpg,0,1,1,0,1
IMG_20220919_163958_jpg.rf.1bbe333a3117f3db77d3e9afa11d6d6e.jpg,1,1,0,1,1
IMG_20220920_165921_jpg.rf.be0a485647616547cc9c3461a639cbd0.jpg,1,1,1,0,1
IMG_0220_JPG.rf.312b9938090c1143a1c66937c5efc7a4.jpg,0,0,1,0,1
IMG_20220920_170318_jpg.rf.f85b7474aaf44ab27b1b714425e0e52f.jpg,1,1,0,0,1
IMG_0055_JPG.rf.b2f223f4bd261a6a857f574aec05510a.jpg,0,1,1,0,1
IMG_20220920_170316_jpg.rf.525f99e8bedcd9f4d45345d306f5213d.jpg,1,1,0,0,1
IMG_0048_JPG.rf.66259f6bf664f1cfa3e4baa309c14665.jpg,0,0,1,0,0
IMG_20220920_165918_jpg.rf.f9cdcf5523c1eabcf50cd248f303f560.jpg,1,1,1,0,1
marine-debris-16-_JPG.rf.8bc5fcdc4ae159b77d5fba48235359f8.jpg,0,1,1,1,0
IMG_0212_JPG.rf.194910030e6eed24ab7ffd3c020a3e4e.jpg,0,1,1,0,1
IMG_20220920_170221_jpg.rf.5ac920b83b7596d740e15ebc6ae30dd1.jpg,1,1,1,0,1
IMG_20220920_170318_4_jpg.rf.5b5ac4da42cf7e6db420be742234a367.jpg,1,1,0,0,1
IMG_20220919_164225_jpg.rf.95dfcd33e5d541bc75d0d6d3938d29a8.jpg,1,1,1,1,1
IMG_0075_JPG.rf.595298e2a831fc5b731b44edfbff81eb.jpg,0,0,1,0,1
IMG_20220919_164024_3_jpg.rf.c85390293cc38b585bd538aa4b35b04a.jpg,1,1,1,1,1
IMG_0107_JPG.rf.ed5ef1680f803068dc4aea6682aedc5c.jpg,0,0,1,0,1
marine-debris-136-_jpg.rf.ee2c71fc5796554eef146ac6e00a430b.jpg,0,0,1,1,1
marine-debris-125-_jpg.rf.9f66e951ec649434962f91f488a6b03a.jpg,1,1,1,0,1
marine-debris-144-_jpg.rf.a4f6013a715da79b628303ebfb92bbcf.jpg,0,1,1,1,1
IMG_0104_JPG.rf.26cb37dd487e53d19cda2800235f5ceb.jpg,0,0,1,0,1
IMG_0126_JPG.rf.f78d33276593502d232dcba88e120d3a.jpg,0,1,1,0,1
IMG_0056_JPG.rf.66b4ee74c282fa0b572a3509910ed897.jpg,0,1,1,0,1
IMG_20220920_170117_3_jpg.rf.3078ba5b198accde741e3e78fe2ed440.jpg,1,1,1,0,1
IMG_20220919_164056_2_jpg.rf.3e9dd10442565c9e706fd13b0356aeae.jpg,0,1,1,1,1
IMG_0267_JPG.rf.aedf2fa561052a786f431b9c3e0f7c07.jpg,0,0,1,0,1
IMG_20220919_164135_3_jpg.rf.cc4c8afcb4d3d38270eda6afd575dcf3.jpg,1,1,1,1,1
IMG_0068_JPG.rf.d81e9e877c7d923c97548ead6f8ee880.jpg,0,0,1,0,1
IMG_0166_JPG.rf.2393ceb06648f0d0735dce7bc377eabf.jpg,0,0,1,1,1
IMG_0260_JPG.rf.42519278d4d1fa32baff09d6087f4fce.jpg,0,0,1,0,1
IMG_20220919_164502_jpg.rf.d09520d849a44cf2ec107214913303af.jpg,0,1,1,0,1
IMG_20220919_163955_jpg.rf.05a6f4f4f4a46a3b8cc847e5967f56b8.jpg,1,1,1,1,1
IMG_20220919_164421_1_jpg.rf.9dc528f6c167ee8fad1703043f039408.jpg,0,1,1,0,1
IMG_0240_JPG.rf.250d15f9504bf6ce84b9d5843e658b52.jpg,0,1,1,0,1
IMG_20220919_164226_2_jpg.rf.53aad03781096d97679431343fbb292c.jpg,1,1,1,1,1
IMG_0254_JPG.rf.bec1a7bf5b31aba308d7786f1a9e87fe.jpg,0,0,1,0,0
IMG_0062_JPG.rf.8d9a060741576dcba2293df4e38748e8.jpg,0,1,1,0,1
IMG_20220919_164005_1_jpg.rf.970b3cf3684c249700334421700a5a28.jpg,1,1,1,1,1
marine-debris-123-_jpg.rf.bfda3a857714fa9041f9e9f4ef217b90.jpg,1,1,1,0,1
IMG_20220920_170226_7_jpg.rf.61467b022205a522952c12e1a7e84b54.jpg,1,1,1,0,1
IMG_20220919_163023_jpg.rf.7e4fe90ed2dd8f86f78101e31ae237a0.jpg,0,1,0,1,0
IMG_20220919_164138_4_jpg.rf.b921f6f7c6d3bbb889693e6965832cd5.jpg,0,1,1,1,1
IMG_0162_JPG.rf.5637bbc13178c691f1557ddf8b5c7cbd.jpg,0,1,1,0,1
IMG_0186_JPG.rf.62b5c1578bea91a97773c106353738b7.jpg,0,0,1,1,1
IMG_0259_JPG.rf.bdc54bd76142024b9e4c7ec5ea32b095.jpg,0,0,1,0,1
IMG_20220919_164242_jpg.rf.15c81d4fe91786dd574c3661a3cbb72e.jpg,1,1,1,1,1
IMG_0175_JPG.rf.fe0f79c6b7eeaf18970a71cafb060b8e.jpg,0,1,1,0,1
IMG_20220919_164054_jpg.rf.86eca70476b719f9384ea6c89fe902b7.jpg,0,1,0,0,1
IMG_0119_JPG.rf.e32f1e5e23915df45953a940e1c463ff.jpg,0,0,1,0,1
IMG_0082_JPG.rf.e70b489fcaea99c3f1d9e23daad61438.jpg,0,0,1,0,0
IMG_0072_JPG.rf.1b309553876a58467448d5bd5ca6e678.jpg,0,0,1,0,1
marine-debris-152-_jpg.rf.3ebb64fd75644121ba2be8183916af2e.jpg,1,1,1,0,0
marine-debris-140-_jpg.rf.34e6307df412d4e571ebedc296f51a48.jpg,0,1,1,1,1
IMG_0211_JPG.rf.3a64a0617f27c6206a6afc362b16c175.jpg,0,1,1,0,1
IMG_0121_JPG.rf.b723642b1f18e68def549c148ddbc482.jpg,0,0,1,0,1
IMG_0094_JPG.rf.7d8c953c9df28ecb310f85688dee5ba9.jpg,0,0,1,0,1
marine-debris-145-_jpg.rf.397ac06bbd3396f10c5d34f7600a7802.jpg,0,1,0,1,1
IMG_0083_JPG.rf.e5491b88b60a2acc5300c39375ab7cc9.jpg,0,0,1,0,0
IMG_20220919_164226_4_jpg.rf.095b0a2ff114609a81a4e7b33b2cff28.jpg,1,1,1,1,1
IMG_0053_JPG.rf.552ac9a03ce4f06a689fa6c96abb3dc6.jpg,0,0,1,0,1
IMG_20220920_170305_1_jpg.rf.501edb31bb13247dd1353451d1dbdd15.jpg,1,1,1,0,1
IMG_20220920_170119_2_jpg.rf.1c89456bec1851128cb8374e2b5eae38.jpg,1,1,1,0,1
IMG_20220920_170227_3_jpg.rf.31b27d9a2b7b04d74132d252c4567d5d.jpg,1,1,1,0,1
IMG_20220919_164234_2_jpg.rf.0346bdcdd4df9a64bff58ee51c1dace5.jpg,0,1,1,1,1
IMG_0043_JPG.rf.480c21dfb81acebef11a3162bcf4eb64.jpg,0,0,1,0,0
IMG_20220920_170331_2_jpg.rf.516bd13d6355db03ccdec37967aaa4b5.jpg,1,1,1,0,1
IMG_0085_JPG.rf.dde82d37642c69cf673fb9247ceea339.jpg,0,0,1,0,1
IMG_20220919_163948_6_jpg.rf.1103abab441108cd754cc7bb47c4f292.jpg,1,1,1,1,0
IMG_0036_JPG.rf.acd72953574c5b0eb7a33f1bb8b6e3df.jpg,0,1,1,1,1
IMG_0228_JPG.rf.c9110769a1cb157e13fd11b88b157cd0.jpg,0,0,1,0,1
IMG_0134_JPG.rf.f98e8f27f81a9bceaca584a9cddb65a0.jpg,0,1,1,0,1
IMG_20220919_164421_jpg.rf.f791bb803bb02fcad2ab511d4b008168.jpg,0,1,1,0,1
IMG_0178_JPG.rf.d148c230e187425d8891445aaef489d9.jpg,0,1,1,1,0
IMG_0038_JPG.rf.806bf0d58fb3b2323c95cdf68586fbbb.jpg,0,1,1,1,1
IMG_20220919_164124_1_jpg.rf.206d453937e2eed6b112a309774c2da7.jpg,1,1,1,1,1
IMG_20220920_170120_1_jpg.rf.a62aeb4aec47ece29c738599f908e6f8.jpg,1,1,1,0,1
IMG_0044_JPG.rf.6182c19924dbd689d93d68a679448b1b.jpg,0,0,1,0,1
IMG_0173_JPG.rf.04469d85dc5f7cff942ba0dad4407bd3.jpg,0,0,1,0,0
IMG_0035_JPG.rf.01e7d05d645440e8e1c63205e5823994.jpg,0,1,1,1,1
IMG_0142_JPG.rf.73bd5f493d58d8c0be7c624d45584af6.jpg,0,1,1,0,1
IMG_20220919_164814_jpg.rf.706111ac96bc8c122a8c70dd0e28a984.jpg,0,1,1,1,1
marine-debris-102-_jpg.rf.62bd50fa31b88c67e4be83b525f97c1c.jpg,1,1,1,1,1
IMG_20220919_163105_jpg.rf.75df1da035f5017b3b0937873d8efe7f.jpg,1,1,0,1,0
IMG_0235_JPG.rf.10394e02e5ce26cd1201b572a109c3bb.jpg,0,0,1,0,0
marine-debris-113-_jpg.rf.cfa7ac6676c87c6fffab5b071496a74d.jpg,1,1,1,0,1
IMG_20220919_163557_jpg.rf.4b010b631c72190b1adc664587ba9dfb.jpg,1,1,1,1,1
marine-debris-133-_jpg.rf.e09f817bc58fcb8a91a44960e7827c4b.jpg,1,0,1,1,1
IMG_0058_JPG.rf.5a30376ee4899999edaabf56e4ed3752.jpg,0,1,1,0,1
IMG_0217_JPG.rf.f64ee8b596654a289c5eba15e30058e7.jpg,0,0,1,0,0
IMG_0076_JPG.rf.b0bc384f834de88407c76d117d149ffb.jpg,0,0,1,0,1
IMG_0145_JPG.rf.9ef9362302224f87bc63a787916cff6a.jpg,0,0,1,0,0
IMG_20220920_170225_6_jpg.rf.f53e86878bedbd497d9a6acda4f51942.jpg,1,1,1,0,1
marine-debris-19-_JPG.rf.bc3302b9cced03039cba8115f5e23dd5.jpg,0,1,1,1,1
IMG_0114_JPG.rf.858deb6ebabac16d328a9ea388f516d0.jpg,0,0,1,0,1
IMG_20220920_170224_3_jpg.rf.c9b3c687310ce583318df786e1e800f5.jpg,1,1,1,0,1
IMG_20220919_163947_jpg.rf.28da726abaa17ccbccf6c2a559b93c65.jpg,1,1,1,1,1
IMG_0095_JPG.rf.b7ef6b9b3592b34a370fecd75051d4be.jpg,0,1,1,1,1
IMG_20220919_164035_6_jpg.rf.08cf04ed727044414b5982e954c63aa8.jpg,0,1,1,1,1
marine-debris-143-_jpg.rf.e8be3bbd592f34e8ccbe029f37ce7ac3.jpg,0,1,1,1,1
marine-debris-121-_jpg.rf.0fd152de766aa8dc225f5ceb5914875e.jpg,1,1,1,0,0
IMG_0065_JPG.rf.fc7a82eb719d79a08ca8e18015aa2a88.jpg,0,0,1,0,1
IMG_20220919_164828_jpg.rf.254db20f9ce6b634088553399b03f100.jpg,0,1,0,1,1
IMG_0078_JPG.rf.bc67da60729a58bd9cb4d43e0f62b4bd.jpg,0,1,1,0,1
IMG_0150_JPG.rf.e6cb79912164963070633c88dacb9c2f.jpg,0,0,1,0,1
IMG_0097_JPG.rf.19a8c62f7fff3332343e2f7ae3189863.jpg,0,1,1,0,1
marine-debris-117-_jpg.rf.c39f4905de5e93d5076223e8eaa44acd.jpg,1,1,1,0,1
IMG_20220920_170316_4_jpg.rf.ae13e502e1b2410bdfba17d23199f4dc.jpg,1,1,0,0,1
marine-debris-120-_jpg.rf.c2b0fe6b38a39dba9d4e1f498a4d2ad7.jpg,1,1,1,0,1
IMG_20220920_170215_1_jpg.rf.dd50a1ed78b550cc641410a47c3a541d.jpg,1,1,1,0,1
IMG_0210_JPG.rf.e2daf41f2dde7e1045088c7e34cd3d66.jpg,0,0,1,0,1
IMG_0154_JPG.rf.5855697b4190df0b86eb1c6f613aa424.jpg,0,1,1,1,1
IMG_20220919_163210_jpg.rf.2fa943b8032a0392505585b46af2bbff.jpg,1,1,0,1,0
IMG_0064_JPG.rf.714652e6251bb85dc701352f984c9b6e.jpg,0,0,1,0,1
IMG_20220919_164227_7_jpg.rf.e0f611803c36143d53eee26e0f27308f.jpg,1,1,1,1,1
marine-debris-122-_jpg.rf.1010ddeab118f1e29255f7c38ad805e6.jpg,1,1,1,0,1
IMG_20220919_164830_jpg.rf.fed9a15872e4e94b8e19cf38b57b87dd.jpg,0,1,0,1,1
IMG_20220919_164420_jpg.rf.ce14374e089702a6d609c60acbabf636.jpg,0,1,1,0,1
IMG_0160_JPG.rf.6918ea35ff25fee42778c57bb2fb0426.jpg,0,1,1,1,1
IMG_0052_JPG.rf.150be7ba8aeee74f16a833fc40ea3f4e.jpg,0,0,1,0,1
IMG_0045_JPG.rf.ecbb82ddf246b6969c28c51981f32058.jpg,0,0,1,0,1
marine-debris-149-_jpg.rf.27fad4607bfda3282d3036aebfab53b4.jpg,1,0,0,0,1
IMG_0073_JPG.rf.4a3d0f3d5875b1038cf440ef4edae3be.jpg,0,0,1,0,1
IMG_20220920_170402_6_jpg.rf.9d1b130d373c5b292fcfd4bb5a7de7fb.jpg,1,1,1,0,1
marine-debris-110-_jpg.rf.6f8d37d9fbf962736f95cb41d301b00b.jpg,1,0,0,0,0
IMG_0133_JPG.rf.e944288c3aeb45962360991593d94b4c.jpg,0,1,1,0,1
IMG_20220919_164450_jpg.rf.eab87f0a555b30191b5ad0d03218fb1e.jpg,0,1,0,0,1
IMG_0037_JPG.rf.500e36ebd177e069553bb0df3b9fab78.jpg,0,1,1,0,1
marine-debris-14-_JPG.rf.39187049dc9168fc57d72fe43f968394.jpg,0,1,1,1,1
marine-debris-18-_JPG.rf.883d4109ebc6f5dd785803fab59d0e1b.jpg,0,1,1,1,0
IMG_0221_JPG.rf.112defb56402254150364c6418856b5c.jpg,0,0,1,0,0
IMG_0146_JPG.rf.6f75d3977052797f970123a82de87f96.jpg,0,0,1,0,1
marine-debris-139-_jpg.rf.3d59ce727e106230c40211ffbc72d393.jpg,0,1,1,1,1
IMG_20220919_164129_1_jpg.rf.c7764aa0d155ea6e8a392f87531346b3.jpg,1,1,1,1,1
IMG_20220920_165843_2_jpg.rf.f3b4f434270475912b6b0c90232454f8.jpg,1,1,1,0,1
marine-debris-153-_jpg.rf.9458be14c5cbbedb76562199f22de263.jpg,1,1,1,0,0
IMG_20220919_163547_1_jpg.rf.837e11ad8772d5b3382a0485d0cae9ae.jpg,1,1,1,1,1
IMG_20220919_164003_1_jpg.rf.131d0dbb9d3195ae04d2559ae5358fa9.jpg,1,1,1,1,1
IMG_20220920_170135_2_jpg.rf.08c998200861cf4d4a2997b019ab383b.jpg,1,1,1,0,1
IMG_20220920_170222_1_jpg.rf.2fef2ede1c43e19db9e62cd8388c1726.jpg,1,1,1,0,1
IMG_20220920_165842_jpg.rf.35ab968bf98d7fc666320a8bb435e1d0.jpg,1,1,1,0,1
marine-debris-130-_jpg.rf.d0fce4fcb4d6eea82067773607e1f6a9.jpg,1,0,1,1,1
IMG_0184_JPG.rf.d22496fc7979f3b5eb0900869b5e0cde.jpg,0,0,1,1,1
IMG_0216_JPG.rf.59f95b11500103dadcb2700befe0dfba.jpg,0,1,1,0,1
IMG_0161_JPG.rf.88343ffc2bc60e2a05d99f9f8ff5e40a.jpg,0,1,1,0,0
IMG_20220919_164124_3_jpg.rf.ba0da64d30185677c9b6a01866085fff.jpg,1,1,1,1,1
IMG_20220919_164803_jpg.rf.1d139ae30915443eebec98d7cff3b216.jpg,1,1,1,1,1
IMG_20220919_164139_5_jpg.rf.de6983dbbc579f35e74bea858413e634.jpg,1,1,1,1,1
marine-debris-154-_jpg.rf.ffa8130ce4e507a1f06150f8021e701b.jpg,1,1,1,0,0
IMG_0170_JPG.rf.931949f2e533f289fa0a04ae40c1892a.jpg,0,1,1,0,1
IMG_0124_JPG.rf.c06d124cfeacc987c7f9f1fece0424c7.jpg,0,1,1,0,1
IMG_0148_JPG.rf.4cfe45e7546724ebf60da77ea2172a78.jpg,0,0,1,0,1
IMG_20220919_164138_jpg.rf.6ef2e82c7705c31f76221fff0d8fb5ec.jpg,1,1,1,1,1
IMG_0247_JPG.rf.94b172d5d3e3028dacb74a6a76ff0675.jpg,0,0,0,0,0
IMG_0034_JPG.rf.ccfb898b22e1df47ff11f0f91b5d5499.jpg,0,1,1,1,1
IMG_0061_JPG.rf.ea5a845436f46934bce93caab95b87bb.jpg,0,0,1,0,1
marine-debris-142-_jpg.rf.e9d0b46d230bcce0cd8459a3a902a60b.jpg,0,1,1,1,1
IMG_20220919_164219_2_jpg.rf.7f31c76dd87b24857a850eb049086e5e.jpg,1,1,1,1,1
IMG_0179_JPG.rf.ad8920fbb5112c7512f40c3fe5885a99.jpg,0,0,1,1,0
IMG_20220919_164825_1_jpg.rf.08c1ea2864b0d788f761266db2aae037.jpg,0,1,1,1,1
IMG_0188_JPG.rf.cbdaf1fd4eb71f49e294d7860604959b.jpg,0,0,1,1,1
IMG_0255_JPG.rf.f587670ab7bd2ef0f94e87d62466db8c.jpg,0,0,1,0,1
IMG_0264_JPG.rf.f0b3fe70260e5d50488da57cd6e15d2e.jpg,0,0,1,0,1
IMG_20220919_164122_jpg.rf.a5c4ab017ee0e4c750bea817a89d7694.jpg,1,1,1,1,0
IMG_20220920_165920_1_jpg.rf.3d30c257a8e82c40be63e9352b7d162d.jpg,1,1,1,0,1
IMG_20220919_164004_4_jpg.rf.28c25672331178c378888d9086549cab.jpg,1,1,1,1,1
IMG_0105_JPG.rf.e911f57bcf1b93413c3d32d589508d1c.jpg,0,0,1,0,1
IMG_20220920_170036_jpg.rf.feea13c1dc25e47b04f13bc66d06d131.jpg,1,1,1,0,1
IMG_20220920_165916_jpg.rf.22f6bef00ac4ef48a0b3ff9ac4e8c3c3.jpg,1,1,1,0,1
IMG_20220919_164124_5_jpg.rf.77c5aca5156fc20a4bbc85fc8e0d4e43.jpg,1,1,1,1,1
IMG_0157_JPG.rf.b40f79755c1de8d9d9c38d8304b016e0.jpg,0,1,1,1,1
IMG_20220920_170210_jpg.rf.d20d36efe9d1a8ffcdaa0b702054209c.jpg,1,1,1,0,1
IMG_0054_JPG.rf.41a2e0ecf0ef77d409451dc72850af92.jpg,0,0,1,0,1
IMG_20220920_165844_jpg.rf.2d6866e44075707d141fabffa025ec89.jpg,1,1,1,0,1
IMG_20220920_170136_4_jpg.rf.a5eaeb4f58cdae8434abd9708ade0f5e.jpg,0,0,1,0,0
IMG_20220920_170344_1_jpg.rf.3ae6f1ddf843cb97230ba5f75531a4b2.jpg,1,1,1,0,1
IMG_0046_JPG.rf.256450acdcdbfba44690b9de65eff063.jpg,0,0,1,0,0
IMG_20220920_170230_1_jpg.rf.502d82cb0af3da9459898b903e6160cf.jpg,1,1,1,0,1
IMG_0118_JPG.rf.da454c649f6e3215c2c784abd389f720.jpg,0,0,1,0,1
IMG_20220919_163950_5_jpg.rf.bc1da84c5c40530ce2834f750cc72e88.jpg,1,1,1,1,1
IMG_0077_JPG.rf.6c62d41a1a52d3cbbb32d3cf22de5d4d.jpg,0,1,1,0,1
IMG_0182_JPG.rf.99108f5b05c3c847cae7f9783c855de9.jpg,0,1,1,1,1
IMG_20220920_170352_7_jpg.rf.c1c996439ee0a15b90688bca02457af5.jpg,1,1,1,0,1
IMG_20220919_164134_3_jpg.rf.e62888c96b61473cd7e6a2a818bbb870.jpg,1,1,1,1,1
IMG_0219_JPG.rf.e4f7945535822ce50288f7987889a598.jpg,0,0,1,0,1
IMG_0122_JPG.rf.99e19a850da668bb3eae94d951db5584.jpg,0,0,1,0,1
IMG_0222_JPG.rf.71d565fad3324481863377a137a76a82.jpg,0,0,1,0,0
marine-debris-141-_jpg.rf.7cd0304828de5ce475004c99f913d6a5.jpg,0,1,1,0,1
IMG_20220920_170228_1_jpg.rf.d1c593b666cc3e08b0cacfd49d399ff2.jpg,1,1,1,0,1
IMG_0236_JPG.rf.0c2683ff32d30f20d29f98ca6696a8eb.jpg,0,1,0,0,1
IMG_0089_JPG.rf.f14e2f27e898ac7aafa2850e6c98297e.jpg,0,0,1,1,1
IMG_20220919_164600_jpg.rf.cf20a9069d37fe4bd92f3613ed8313ca.jpg,1,1,1,1,1
IMG_0155_JPG.rf.da16809d041561f39eeb757dd2951a66.jpg,0,1,1,1,1
IMG_0138_JPG.rf.441078a23acfee7749cf49d2e5ef6c64.jpg,0,0,1,0,1
IMG_20220920_170225_4_jpg.rf.234fce23adf9798e11d89fb327fe5608.jpg,1,1,1,0,1
marine-debris-108-_jpg.rf.9872ebe5e523f71c06790d91926e5454.jpg,1,0,0,0,0
IMG_20220919_164232_1_jpg.rf.07826d8de1236dfbe1f19a3bcc521301.jpg,1,1,1,1,1
IMG_20220919_163111_jpg.rf.fa32ba5320feeab5bf56cea84f9c18ab.jpg,1,1,0,1,1
IMG_20220920_170228_3_jpg.rf.4689b6ff4fe3e2b0b59b7475b1444a11.jpg,1,1,1,0,1
IMG_0103_JPG.rf.fee47f8b2a50793528a794ef7601cf2b.jpg,0,0,1,1,1
marine-debris-131-_jpg.rf.d6bb6cd56b27f59dbe01eab084d7ea0c.jpg,1,0,1,1,1
IMG_0047_JPG.rf.5067c0dff95bb164fad126a36e85c466.jpg,0,0,1,0,1
IMG_0226_JPG.rf.15ebaff24052a23cfc140c5a77b381c7.jpg,0,1,1,0,1
marine-debris-104-_jpg.rf.4614c6acca175621b986bed0dc45ee0c.jpg,1,1,1,1,1
marine-debris-138-_jpg.rf.4ad23a658c45e16521caf812e8840825.jpg,0,1,1,0,1
IMG_0057_JPG.rf.898a5ecb34e33875d62b98695388e93f.jpg,0,1,1,0,1
IMG_0141_JPG.rf.15449f8ce081e1567833a8d3c666fd11.jpg,0,0,1,0,1
marine-debris-11-_JPG.rf.9acf0016e057d4f778c9f275c4fcd682.jpg,0,0,1,0,1
marine-debris-115-_jpg.rf.448208ff6d99bcbada697e995271c3c2.jpg,1,1,1,0,1
IMG_20220919_163314_jpg.rf.a5464f5b031639afebc6ca22f62698a5.jpg,1,1,0,1,1
marine-debris-17-_JPG.rf.4d865c49b33b97ffffa0b70d260dc5f1.jpg,0,1,1,1,1
IMG_20220919_164559_jpg.rf.a8526f986941b0bdff3e17f3535fe93e.jpg,1,1,1,1,1
IMG_0042_JPG.rf.35b23bde8a63e3fb65756f37b444f6ef.jpg,0,0,1,0,1
IMG_20220919_163550_jpg.rf.426c0a9850f9dc3dfba8a009689fc32e.jpg,1,1,1,1,1
IMG_20220920_170356_1_jpg.rf.8b73c73c10dac09f5784eadf93e2694b.jpg,1,1,1,0,1
IMG_0227_JPG.rf.8c7ee7685126a2cb7047e85b07f6a517.jpg,0,0,1,0,0
IMG_20220919_164002_jpg.rf.bba4bc3b20286ae603399ee8fc6ae0a6.jpg,1,1,1,1,0
marine-debris-13-_JPG.rf.75a69a140416c636d6ddd0e43ee9e0d8.jpg,0,1,1,1,1
IMG_0265_JPG.rf.e9c7e12a2afae2b82a33f01dfd96d2f5.jpg,0,0,1,0,1
IMG_0171_JPG.rf.9fd4e8720682aa2901522cd42281983e.jpg,0,1,1,1,1
IMG_20220920_170214_4_jpg.rf.0f29e321abb65226b17aebd66a6acb4d.jpg,1,1,1,0,1
marine-debris-124-_jpg.rf.501ffefebf5b3c3d59ae8d989cfa9a2b.jpg,0,1,1,0,1
IMG_0172_JPG.rf.74df4658a039a67a34cb1c03b394e288.jpg,0,0,1,1,1
IMG_0130_JPG.rf.dbbf4086f0f9e6bd68de16b330246f20.jpg,0,1,1,0,1
marine-debris-134-_jpg.rf.bd07252f6f77d9aa75092d7454432d62.jpg,1,0,1,1,1
marine-debris-135-_jpg.rf.14908c4deec4e9aa8590c74ae0e97042.jpg,1,0,1,1,1
IMG_0208_JPG.rf.8294cd98494990ccfea5b81353ef249d.jpg,0,1,1,0,1
IMG_20220920_170242_4_jpg.rf.077ff58e238a0f591ff436c9a1fab07b.jpg,1,1,1,0,1
IMG_20220920_170020_2_jpg.rf.94893163d42252c2f22539f4798e24f9.jpg,1,1,1,0,1
IMG_0164_JPG.rf.d0ead87e8daac71292506258bdef4153.jpg,0,0,1,1,1
IMG_0191_JPG.rf.a6eca4517bdb9cb8b7e3be0974a275c1.jpg,0,1,1,0,0
IMG_0067_JPG.rf.4950aeb305cb4f7cfff3798cad826d90.jpg,1,0,1,0,1
IMG_0125_JPG.rf.1512ada38f2ca4c8d158cd1d6aeb56d8.jpg,0,1,1,0,1
IMG_20220919_164230_3_jpg.rf.a1c95dda440337cc71c88434ce3f205b.jpg,1,1,1,1,1
IMG_0091_JPG.rf.146f0a1726b6227a7f4b1d14317f2109.jpg,0,1,1,1,1
IMG_20220920_170313_2_jpg.rf.6bf3a3aa5552bd1269221585bf6d15e3.jpg,1,1,1,0,1
IMG_0233_JPG.rf.bb6201f2239d79da4d1d7313cb9dd5cf.jpg,0,1,1,0,1
IMG_20220920_165858_jpg.rf.e33513ca6582f7bd6d4c79e96f63c89d.jpg,1,1,1,0,1
IMG_0158_JPG.rf.53013e566a2fc0bee357a8eeae6f05f9.jpg,0,1,1,1,1
IMG_20220920_170226_1_jpg.rf.d51cd55f6f85971735148c07e7408262.jpg,1,1,1,0,1
IMG_20220919_164801_jpg.rf.1b4a05942015e1714dd11681b0502e9d.jpg,1,1,1,1,1
IMG_20220919_164057_3_jpg.rf.7a89f9b10eb7526c866336fa5973cb39.jpg,0,1,0,1,1
IMG_0243_JPG.rf.4673a20def16f9d9f66036c716cf2bd4.jpg,0,1,1,0,1
marine-debris-107-_jpg.rf.4574dfe5b3b6ed33f8b62f9ad7910ba0.jpg,1,0,0,0,0
marine-debris-129-_jpg.rf.478104efbc4c31798083bdd8a3fa3271.jpg,1,1,1,0,1
IMG_20220919_163318_jpg.rf.8edd522597b7f40000af04cc9946f28d.jpg,1,1,0,1,1
IMG_20220919_164054_2_jpg.rf.cda2de94c97d2cf137a9f3f52161f6dc.jpg,0,1,0,1,1
IMG_0174_JPG.rf.a96d69a630cfd1c81a4b571191940d80.jpg,0,0,1,0,1
IMG_0209_JPG.rf.92a5a294163d8704a24e31a1338ed3e5.jpg,0,1,1,0,1
IMG_20220919_164029_1_jpg.rf.ba474fcbd59078547ccac9c39e53d984.jpg,1,1,1,1,1
IMG_20220919_163104_jpg.rf.04fdb8ba62d08d76e72ffa3e25e72935.jpg,1,1,0,1,0
IMG_0147_JPG.rf.62c98bcdc37cfee2e875e36734f96047.jpg,0,0,1,0,1
IMG_20220919_164129_3_jpg.rf.78e522614f68f9dd09a1f86f9d9f96b8.jpg,1,1,1,1,1
IMG_0050_JPG.rf.1776f42a9f60b4053457ea2cf678474c.jpg,0,0,1,0,1
IMG_0136_JPG.rf.c493397749d8806c48742ad07e979041.jpg,0,1,1,0,0
IMG_20220919_163949_3_jpg.rf.65ace8d368cab12f5a72c36988a88b36.jpg,1,1,1,1,1
marine-debris-114-_jpg.rf.8e201774388aa59129ce2b32c31a193d.jpg,1,1,1,0,1
IMG_0081_JPG.rf.82f87719672b6dd44f59039dfedce7de.jpg,0,1,1,0,1
IMG_20220919_163945_jpg.rf.f8953c5c0cac809daecb277ff273dbf8.jpg,1,1,1,1,0
IMG_0153_JPG.rf.e22fd1613c72248feb4bd3f0e517e49a.jpg,0,1,1,1,1
IMG_20220920_165850_1_jpg.rf.110bc829486fa656607370e661a2e2a4.jpg,1,1,1,0,1
IMG_0088_JPG.rf.fb77c1cc0739b4f6d9a32c42ff53ae4e.jpg,0,1,1,1,1
marine-debris-119-_jpg.rf.67366d3c17542becae8cac09c24ec90b.jpg,1,1,1,0,1
IMG_0060_JPG.rf.5ab65c5e59fd57d96ec58bdee997cd1b.jpg,0,0,1,0,1
IMG_0115_JPG.rf.69710112293a36bd54289f2f9100b3fd.jpg,0,0,1,0,1
IMG_20220919_164020_5_jpg.rf.c83d0d7ca4c543a5a886a583a5ab411d.jpg,1,1,1,1,1
IMG_0248_JPG.rf.a7bde23605d7cec3f4ba3f96fa141e28.jpg,0,1,1,0,1
IMG_0144_JPG.rf.be4674f331ae9ef99f77bf0dab460e02.jpg,0,1,1,0,1